"shark_ID","year","size","num_detections","num_receivers","min_date","max_date","n_tracking_days","n_detection_months","max_internal_gap_days","tracking_period","sex","maturity","n_kde_positions","kde_area_95","kde_area_50","mcp_area_100"
144,2014,158,8625,30,"2014-02-09 01:07:05","2014-12-31 18:34:26",277,11,15,325.727,"m","immature",1676,12.0819282740295,0.631567990300261,39.0514336507781
144,2015,166.845556825635,2374,20,"2015-01-01 00:16:04","2015-12-28 05:51:52",185,12,15,361.233,"m","mature",671,8.48196066613892,0.343183361534901,22.9662534787574
144,2016,175.201017343374,323,17,"2016-01-08 02:54:54","2016-12-26 03:11:43",58,7,133,353.012,"m","mature",123,7.79507141785265,0.616812948603811,11.7364622482269
144,2017,183.093535795256,56,6,"2017-01-02 08:23:34","2017-06-13 19:15:03",14,5,38,162.452,"m","mature",25,1.67752688300649,0.263964686245574,0.796579248880714
148,2014,117,363,1,"2014-03-16 07:39:11","2014-08-16 09:37:36",127,6,2,153.082,"f","immature",256,NA,NA,NA
306,2016,150,17173,29,"2016-03-24 09:28:13","2016-12-31 22:56:27",282,10,1,282.561,"f","immature",4080,6.76260403284508,0.513440299294521,14.4122915089882
306,2017,159.288804270702,4052,25,"2017-01-01 00:17:39","2017-03-12 06:14:10",54,3,17,70.248,"f","immature",732,8.33925290562094,0.160677778991806,25.7943387780137
306,2019,176.350963207483,119,8,"2019-10-25 16:02:31","2019-11-03 22:35:24",10,2,0,9.273,"f","mature",51,9.34777754510943,2.36680132178103,2.94133131085484
308,2016,128,2,2,"2016-03-24 15:58:00","2016-03-24 17:55:35",1,1,NA,0.082,"f","immature",2,0.119138861125271,0.591920858943866,NA
361,2016,152,5657,19,"2016-05-21 16:52:13","2016-12-31 06:42:35",207,8,4,223.577,"f","immature",1019,4.74249824877792,0.522472609471765,7.06718190516702
361,2017,161.177992409435,5643,19,"2017-01-01 04:33:16","2017-12-31 01:42:08",326,12,6,363.881,"f","immature",1368,5.19279744852933,0.419601034499083,8.79304460632337
361,2018,169.847469608079,2073,17,"2018-01-01 00:21:24","2018-12-31 13:54:25",261,12,8,364.565,"f","mature",740,4.76604557634153,0.293928557382714,13.7747352862893
361,2019,178.036606354426,1842,30,"2019-01-01 14:58:00","2019-12-31 06:52:45",212,11,35,363.663,"f","mature",495,35.5295561101605,0.0236917217170012,260.756622964711
361,2020,185.772016358257,533,10,"2020-01-01 06:35:28","2020-07-20 15:23:18",62,7,24,201.367,"f","mature",158,11.6790911418951,1.36722135119786,11.5929649403244
362,2016,149,16092,25,"2016-05-16 16:27:19","2016-12-31 23:58:24",230,8,0,229.313,"f","immature",3089,6.20892576939429,0.359745015316985,9.62652097191644
362,2017,158.344210201336,18511,29,"2017-01-01 00:01:20","2017-12-31 23:58:39",364,12,1,364.998,"f","immature",4396,6.65771375089363,0.17292953729566,11.8324768851409
362,2018,167.170695740432,1160,22,"2018-01-01 04:24:54","2018-10-29 06:42:13",70,8,73,301.095,"f","mature",467,27.3462342431283,0.410802536382863,356.834201078513
362,2019,175.508141634011,392,13,"2019-05-19 17:24:53","2019-12-13 05:37:45",46,8,60,207.509,"f","mature",182,21.5401289332293,3.62550927681643,20.4303189064134
362,2020,183.383643578751,108,7,"2020-04-07 04:55:13","2020-08-23 00:54:44",7,3,69,137.833,"f","mature",16,41.7641546481808,7.41364880899251,6.76482403250956
363,2016,152,13091,30,"2016-05-16 15:40:48","2016-12-31 06:12:56",210,8,11,228.606,"f","immature",2212,10.5803318515445,0.0166583613324856,77.4777193491076
363,2017,161.177992409435,5384,37,"2017-01-01 05:55:40","2017-12-31 02:23:44",292,12,5,363.853,"f","immature",1390,13.2336835405344,0.682814353047994,57.1529856649358
363,2018,169.847469608079,1443,23,"2018-01-01 04:13:06","2018-12-27 13:07:44",205,12,16,360.371,"f","mature",524,21.2041282380386,1.95137073383254,29.5533317593896
363,2019,178.036606354426,565,16,"2019-01-05 23:08:56","2019-12-15 10:52:50",52,11,57,343.489,"f","mature",134,21.1296098182961,2.81364670520561,27.4541869883941
363,2020,185.772016358257,185,15,"2020-01-11 08:53:07","2020-10-30 05:00:42",24,8,80,292.839,"f","mature",47,775.360503670599,122.667003996182,397.927894688538
363,2021,193.078838771994,509,16,"2021-01-19 18:43:01","2021-12-24 20:17:03",56,9,129,339.065,"f","mature",127,141.23991666648,25.0108998736961,48.1338611261944
364,2016,148,7957,18,"2016-05-17 16:37:02","2016-12-31 23:19:35",229,8,0,228.28,"f","immature",2623,4.72855373496946,0.513832405483622,7.60134507629558
364,2017,157.399616131969,9818,26,"2017-01-01 00:58:31","2017-12-31 04:34:28",364,12,1,364.15,"f","immature",3250,7.17185976238519,0.565090567906032,12.923240286262
364,2018,166.278437784549,4223,28,"2018-01-01 01:53:31","2018-12-31 23:42:24",358,12,2,364.909,"f","mature",1790,8.48190387695955,1.19660582332047,15.2824177565084
364,2019,174.66532006054,2683,27,"2019-01-01 03:27:15","2019-12-22 04:16:33",200,10,90,355.034,"f","mature",1066,28.8840639421367,4.00326751336838,38.4306786288564
364,2020,182.587519318915,2681,13,"2020-06-10 20:34:21","2020-12-31 09:04:55",202,7,1,203.521,"f","mature",1124,5.94833942883677,0.995659395982273,8.00269928594973
364,2021,190.070781754717,3879,26,"2021-01-01 01:17:39","2021-12-31 19:57:09",295,12,17,364.777,"f","mature",1833,10.6968943511718,0.798284740515725,29.3706916616484
365,2016,172,7214,25,"2016-05-18 19:35:53","2016-12-31 18:42:56",206,8,4,226.963,"f","mature",1324,6.85139949613426,0.518724560173511,16.323831153843
365,2017,180.069873796766,5142,32,"2017-01-01 05:10:08","2017-12-31 03:27:29",326,12,3,363.929,"f","mature",1395,11.9186619211246,0.873251421644652,28.5729736688276
365,2018,187.692628725727,2857,23,"2018-01-01 02:50:36","2018-12-29 09:08:00",273,12,9,362.262,"f","mature",806,10.5112224408722,1.00425178026796,15.6313594547865
365,2019,194.893037823859,870,34,"2019-01-02 15:08:42","2019-12-31 15:53:26",149,11,57,363.031,"f","mature",337,37.0449889870905,4.62223562583208,97.6350183835268
365,2020,201.694501554966,812,14,"2020-01-01 05:43:25","2020-12-31 14:30:45",129,12,15,365.366,"f","mature",248,43.7319530952374,8.12294080814443,58.2360299076628
365,2021,208.119123858382,606,21,"2021-01-01 07:02:43","2021-12-26 08:21:09",92,11,63,359.054,"f","mature",218,41.6631028775707,5.33832394165398,72.8992756485386
366,2016,119,12,3,"2016-05-21 06:43:28","2016-06-16 03:29:41",3,2,24,25.865,"f","immature",8,2.25204679316262,1.86831404286462,0.26349730206427
367,2016,116,3359,13,"2016-05-23 07:03:31","2016-12-09 16:27:51",191,8,4,200.392,"f","immature",876,2.73648468459784,0.249388351507615,4.8499816628072
368,2016,151,1287,31,"2016-05-20 16:06:16","2016-11-30 16:37:38",95,7,23,194.022,"m","immature",319,40.3486840933441,0.593089423779667,219.376094942791
368,2017,160.233398340069,335,13,"2017-06-14 22:04:21","2017-12-07 13:12:55",79,7,14,175.631,"m","immature",172,11.625910651616,NA,88.0571122925705
368,2018,168.955211652197,5,5,"2018-05-20 23:45:44","2018-11-12 15:12:48",5,4,124,175.644,"m","mature",5,162.511495739631,34.3299064449324,13.0462833201286
368,2019,177.193784780955,1,1,"2019-07-29 01:38:01","2019-07-29 01:38:01",1,1,NA,0,"m","mature",1,NA,NA,NA
369,2016,148,3596,25,"2016-05-20 10:10:34","2016-07-30 09:57:17",68,3,1,70.991,"m","immature",806,9.75325600544215,0.0353783848451074,44.0762723620551
369,2018,166.278437784549,3,1,"2018-07-29 03:27:23","2018-07-29 03:32:24",1,1,NA,0.003,"m","mature",1,NA,NA,NA
369,2019,174.66532006054,2,1,"2019-11-02 22:24:43","2019-11-18 14:27:37",2,1,15,15.669,"m","mature",2,NA,NA,NA
369,2020,182.587519318915,28,10,"2020-11-07 18:00:25","2020-12-30 17:20:24",11,2,12,52.972,"m","mature",19,10711.9787338826,4001.86812899869,1435.11347087266
369,2021,190.070781754717,53,7,"2021-03-03 11:21:36","2021-12-07 06:48:32",9,4,227,278.81,"m","mature",17,NA,3490.30244192654,519.532680407103
370,2016,145,2474,26,"2016-05-21 17:14:34","2016-08-11 21:57:56",81,4,1,82.197,"m","immature",489,10.0524049823034,0.448402505551398,28.5476606455972
370,2021,187.814738991759,1,1,"2021-01-01 12:56:25","2021-01-01 12:56:25",1,1,NA,0,"m","mature",1,NA,NA,NA
371,2016,126,22728,8,"2016-05-22 20:12:27","2016-12-31 19:21:27",219,8,4,222.965,"f","immature",2242,0.162350259713635,NA,1.80762860970701
371,2017,136.618546605906,14813,24,"2017-01-01 04:24:42","2017-12-31 03:18:06",351,12,2,363.954,"f","immature",2046,4.4816409681821,0.269155441777728,10.7845962750308
371,2018,146.648762755136,2536,25,"2018-01-01 01:22:46","2018-12-31 00:22:14",259,12,8,363.958,"f","immature",779,8.89044230119636,0.741334359299257,12.5579698028178
371,2019,156.123245444164,2665,27,"2019-01-02 02:08:21","2019-12-31 04:46:01",278,12,7,363.109,"f","immature",798,14.289530432427,2.13439802453892,20.8584065765491
371,2020,165.072785602535,483,19,"2020-01-02 22:31:54","2020-07-13 14:53:15",46,4,119,192.681,"f","immature",134,29.2202595820846,3.58026678552664,22.022981175875
371,2021,173.52646815969,40,9,"2021-12-06 04:01:11","2021-12-27 16:48:26",9,1,12,21.533,"f","mature",21,80.5531642466842,11.3789159718527,35.1549409251812
432,2017,82,1684,5,"2017-08-14 17:57:21","2017-12-28 16:40:16",106,5,6,135.946,"F","immature",394,0.2507289833401,0.0330353187356562,0.330889046939254
432,2018,95.0564075537788,137,4,"2018-01-01 01:07:44","2018-02-01 21:15:51",16,2,5,31.839,"F","immature",42,1.39227259008708,0.54569621543027,0.257358376729891
433,2017,172,5344,27,"2017-08-15 21:15:50","2017-12-31 23:27:41",138,5,1,138.092,"F","mature",1573,7.93098137760646,0.322067638796178,13.9282438079662
433,2018,180.069873796766,1588,17,"2018-01-01 01:50:37","2018-03-03 09:12:38",61,3,1,61.307,"F","mature",583,9.14575790024852,0.699233791803836,12.6842572929186
434,2017,141,3337,7,"2017-08-21 03:35:39","2017-12-31 04:12:32",128,5,2,132.026,"F","immature",602,0.516114002211039,0.0520028850149037,0.949759534104004
434,2018,150.787457646404,761,7,"2018-01-01 05:09:56","2018-03-03 19:43:09",59,3,1,61.606,"F","immature",188,0.725323967070845,0.0562882469632575,1.59314905495377
435,2017,124,2339,24,"2017-08-16 10:17:10","2017-12-31 00:18:26",122,5,7,136.584,"M","immature",620,10.3970603207483,1.50318224591848,14.8839389594866
435,2018,134.729358467173,738,14,"2018-01-01 01:11:58","2018-03-04 07:37:35",62,3,1,62.268,"M","immature",305,8.83648691955365,1.15703259928136,7.81876656052172
438,2018,156,4091,29,"2018-03-20 10:29:36","2018-12-31 23:08:13",230,10,7,286.527,"F","immature",1264,12.5598527095693,0.999284901127747,19.0999139778968
438,2019,164.956368686901,1661,37,"2019-01-01 03:40:47","2019-12-31 20:20:29",145,12,32,364.694,"F","immature",633,67.75823427506,9.19951903173816,113.421621580883
438,2020,173.416501431609,828,21,"2020-01-01 06:50:01","2020-11-08 05:14:15",41,8,106,311.933,"F","mature",207,39.099072672513,0.232264239508923,289.296404014464
438,2021,181.407892648313,22,1,"2021-07-19 12:35:11","2021-11-21 16:01:33",3,2,115,125.143,"F","mature",8,NA,NA,NA
48,2012,130,5236,9,"2012-08-14 05:30:56","2012-12-31 23:25:39",140,5,0,139.746,"m","immature",1768,3.59817961919719,0.368670668241395,2.56749055267594
48,2013,140.396922883372,7088,13,"2013-01-01 00:09:24","2013-11-12 14:43:19",226,9,88,315.607,"m","immature",2523,NA,NA,344.135974355217
48,2014,150.217794578666,227,8,"2014-02-07 15:31:30","2014-09-04 15:18:21",6,4,125,208.991,"m","immature",21,NA,949.69245834925,323.500145631997
48,2016,168.257282641877,36,16,"2016-11-30 08:48:44","2016-12-02 17:17:25",3,2,0,2.353,"m","mature",17,72.3536256955302,12.669247068284,30.8961136659055
48,2017,176.534525176968,28,7,"2017-12-02 21:53:47","2017-12-03 14:58:25",2,1,0,0.712,"m","mature",11,22.4507961770126,3.30878363440891,7.07320106209169
49,2012,145,1593,13,"2012-08-17 19:37:14","2012-12-31 16:24:16",123,5,4,135.866,"m","immature",624,3.9328500427821,0.235678936241028,9.92663258278519
49,2013,154.56583392387,1389,11,"2013-01-01 00:12:18","2013-11-03 19:21:58",141,9,89,306.798,"m","immature",570,31.028473374002,NA,775.491327093356
50,2012,153,369,12,"2012-09-02 23:29:34","2012-12-29 10:28:09",23,4,32,117.457,"f","immature",104,7.18433944277893,0.934794308460815,9.33860101668443
50,2013,162.122586478802,529,23,"2013-01-13 14:17:44","2013-12-31 04:08:46",53,10,68,351.577,"f","immature",143,32.9562292130936,4.14128421637315,41.3991630543469
50,2014,170.739727563961,1134,30,"2014-01-01 00:44:11","2014-12-31 23:29:20",105,5,234,364.948,"f","mature",312,26.1037879031376,3.27748586039093,83.3582621238613
50,2015,178.879427927898,340,15,"2015-01-01 00:16:05","2015-01-14 02:37:57",14,1,0,13.099,"f","mature",99,40.2442249996043,5.58617269263094,36.1339314354334
50,2016,186.568140618093,655,12,"2016-01-10 02:42:50","2016-03-21 04:07:13",24,2,40,71.059,"f","mature",135,10.3898628795531,0.961786467565706,21.2324999672817
51,2012,150,85,8,"2012-09-13 07:53:40","2012-12-26 09:09:32",38,4,14,104.053,"f","immature",59,10.6009033996821,1.66238467558723,7.12048944282372
51,2013,159.288804270702,815,14,"2013-01-04 11:10:49","2013-12-31 07:45:29",162,12,11,360.857,"f","immature",329,8.59780832413532,0.92073631930031,10.4355955536904
51,2014,168.062953696314,5700,20,"2014-01-01 08:16:10","2014-12-31 23:02:35",300,12,4,364.616,"f","mature",1480,5.3528467891134,0.563851857479565,10.8093443692066
51,2015,176.350963207483,9655,23,"2015-01-01 00:42:30","2015-12-31 22:10:53",359,12,2,364.895,"f","mature",2927,5.70935499616787,0.433228659774557,11.0053949022824
51,2016,184.179767838586,9673,26,"2016-01-01 02:02:44","2016-12-31 23:40:41",363,12,3,365.901,"f","mature",2958,7.51934130751135,0.728450513252663,14.4676232470571
51,2017,191.574810263355,668,8,"2017-01-01 00:09:30","2017-01-25 12:13:50",18,1,2,24.503,"f","mature",96,3.87262732062187,0.619678142798826,6.44644833669673
51,2018,198.560123480506,2,1,"2018-01-16 08:59:29","2018-01-16 08:59:35",1,1,NA,0,"f","mature",1,NA,NA,NA
52,2012,135,342,5,"2012-09-08 00:03:06","2012-12-29 02:08:12",18,4,26,112.087,"m","immature",92,1.66017338094106,0.164763721728251,0.980416887135424
52,2013,145.119893230204,165,7,"2013-01-04 07:52:10","2013-09-02 00:37:11",25,7,54,240.698,"m","immature",63,3.59147188291519,0.496287330213985,2.46332080996474
53,2012,138,41,3,"2012-09-05 01:36:48","2012-11-18 21:15:38",4,2,54,74.819,"f","immature",17,3.39977033669226,0.627395855149493,0.395246080119029
53,2013,147.953675438304,293,10,"2013-01-28 08:38:02","2013-12-31 03:21:15",49,8,72,336.78,"f","immature",127,8.15028964458085,1.45802908941583,4.31992271005392
53,2014,157.355858225725,1697,18,"2014-01-01 02:54:24","2014-12-31 04:07:41",221,12,14,364.051,"f","immature",707,2.91135458379659,0.0884557684905862,11.7282311902852
53,2015,166.237104325823,848,24,"2015-01-01 00:02:51","2015-12-31 20:59:07",89,9,105,364.872,"f","mature",331,9.38439021799649,0.643628000274534,12.5508691540457
53,2016,174.626276720561,2,2,"2016-01-03 11:50:04","2016-01-05 00:26:58",2,1,1,1.526,"f","mature",2,9.17157288195205,44.4776127353319,NA
54,2012,132,268,5,"2012-09-03 22:46:38","2012-12-26 03:09:43",14,3,57,113.183,"m","immature",66,1.39791469747533,0.126861399755794,0.980416887135416
54,2013,142.286111022105,279,4,"2013-01-18 23:46:42","2013-09-21 14:59:05",25,9,50,245.634,"m","immature",80,1.20487598407121,0.143029272836118,0.751651385273263
55,2012,134,30,4,"2012-10-04 12:30:52","2012-12-29 22:58:35",11,3,18,86.436,"f","immature",15,14.5465115775889,4.04666755591764,1.47067390399287
55,2013,144.175299160838,1245,15,"2013-01-02 14:36:57","2013-12-31 23:02:23",182,12,13,363.351,"f","immature",520,7.63900892948543,0.955731577561988,8.27854541072362
55,2014,153.786826402196,11373,26,"2014-01-01 06:16:44","2014-12-31 23:42:50",344,12,6,364.726,"f","immature",3456,6.10847506111024,0.335499835088505,13.3216510524787
55,2015,162.865818031937,17377,32,"2015-01-01 00:26:16","2015-12-31 23:54:11",365,12,0,364.978,"f","immature",4961,5.24042442857495,0.166086407297829,16.2278946653475
55,2016,171.441779681219,16055,36,"2016-01-01 00:08:21","2016-12-31 20:11:04",366,12,0,365.835,"f","mature",4847,6.45455644047747,0.285519665326024,24.2942133960962
55,2017,179.542582194245,17278,28,"2017-01-01 00:15:21","2017-12-31 22:10:52",363,12,1,364.914,"f","mature",4843,5.72626230895968,0.144497064595102,15.7316567023979
55,2018,187.19455220516,14055,24,"2018-01-01 01:44:43","2018-12-31 09:04:43",362,12,1,364.306,"f","mature",3352,3.73831900096939,0.0866208392168159,14.4430334204621
55,2019,194.42255769644,3140,21,"2019-01-01 06:19:16","2019-07-20 00:33:11",143,7,6,199.76,"f","mature",647,9.15935853769877,0.424229410384304,24.2722224879693
56,2012,110,991,5,"2012-08-24 03:53:15","2012-12-31 23:41:46",115,5,3,129.825,"m","immature",415,1.15914038655179,0.0950006808201773,1.66671343740639
56,2013,121.505041496041,3323,12,"2013-01-01 02:05:44","2013-12-31 07:09:46",263,12,8,364.211,"m","immature",1146,2.62562860486554,0.1821486492845,5.71907755256236
56,2014,132.372635461018,11973,18,"2014-01-01 02:15:17","2014-12-31 05:10:29",358,12,1,364.122,"m","immature",2968,3.3777207158978,0.187932267677945,5.3802405286506
56,2015,142.638100268618,14241,29,"2015-01-01 00:39:43","2015-12-31 23:39:33",360,12,2,364.958,"m","immature",3642,3.61436192001748,NA,57.5071467527639
56,2016,152.334797445168,4609,23,"2016-01-01 10:04:18","2016-11-07 10:40:35",151,8,110,311.025,"m","immature",1281,12.732297802633,NA,253.867913691477
56,2017,161.49424009058,16,1,"2017-01-02 19:11:23","2017-10-15 13:36:52",10,5,110,285.768,"m","immature",11,NA,NA,NA
57,2012,133,2313,7,"2012-08-25 00:55:41","2012-12-31 23:36:42",124,5,1,128.945,"f","immature",758,0.961892572870759,0.0914736460292703,1.96084605287964
57,2013,143.230705091471,12367,13,"2013-01-01 04:12:34","2013-12-31 21:08:33",347,12,3,364.706,"f","immature",2954,1.65308823580325,0.0943679696173114,4.82860358738424
57,2014,152.894568446313,20693,24,"2014-01-01 02:36:42","2014-12-31 23:15:55",364,12,1,364.861,"f","immature",4461,3.75017917988538,0.115616888499287,12.586205114992
57,2015,162.022996458465,18970,25,"2015-01-01 00:47:45","2015-12-31 23:05:08",365,12,0,364.929,"f","immature",5041,4.1088224578117,0.181917296361727,10.766852930263
57,2016,170.645655421383,10239,36,"2016-01-01 01:19:38","2016-09-30 07:09:44",233,9,22,273.243,"f","mature",2759,7.69741276527945,NA,100.531203186345
58,2012,148,562,9,"2012-08-29 02:50:39","2012-12-30 15:44:44",77,5,7,123.538,"f","immature",246,6.20948472452544,1.13786872928999,4.40581878270218
58,2013,157.399616131969,1249,10,"2013-01-02 07:44:25","2013-11-03 19:38:32",161,11,7,305.496,"f","immature",441,4.70719835026076,0.6671874685233,5.31883509480268
59,2012,130,59,9,"2012-09-09 13:50:12","2012-12-29 20:51:11",24,4,16,111.292,"f","immature",30,10.0571261163905,1.92799283573496,2.89718841651018
59,2013,140.396922883372,448,11,"2013-02-04 17:47:51","2013-12-25 23:34:43",82,10,46,324.241,"f","immature",168,8.39021138231592,1.56936234683802,7.91702499465206
59,2014,150.217794578666,6321,24,"2014-01-07 23:00:23","2014-12-31 23:19:20",281,12,6,358.013,"f","immature",1519,4.85027454138397,0.328994686155133,13.7383086936451
59,2015,159.49453173805,7846,26,"2015-01-01 01:03:38","2015-12-31 22:19:24",355,12,1,364.886,"f","immature",2557,5.35637026913493,0.17300729844729,12.8988333049369
59,2016,168.257282641877,11572,30,"2016-01-01 06:22:07","2016-12-31 17:44:50",363,12,1,365.474,"f","mature",3199,5.47060649424132,0.238718683591949,19.4617376460961
59,2017,176.534525176968,9816,29,"2017-01-01 04:03:08","2017-12-31 09:29:42",351,12,1,364.227,"f","mature",3030,6.65267803174812,0.257733692318305,19.1573587665746
59,2018,184.353159386323,5103,25,"2018-01-01 05:38:11","2018-12-31 23:18:41",345,12,3,364.736,"f","mature",1981,6.26607535978409,0.41444652715704,14.2408493288653
59,2019,191.738594891026,5601,26,"2019-01-01 00:28:17","2019-12-31 19:14:57",346,12,3,364.782,"f","mature",1910,6.56634497995121,0.412426762984151,21.9126955943082
59,2020,198.714833468457,2902,18,"2020-01-01 07:10:55","2020-12-31 17:12:23",275,12,10,365.418,"f","mature",834,7.66400639272799,0.0206832607632018,36.7235456800992
59,2021,205.304547055185,2293,29,"2021-01-01 17:50:00","2021-11-25 20:13:49",280,11,4,328.1,"f","mature",930,13.5309569342431,1.33523789385476,23.8798324402102
60,2012,125,4988,9,"2012-09-01 03:52:49","2012-12-31 22:27:43",122,4,0,121.774,"f","immature",1379,0.52820310683533,NA,2.56749055267356
60,2013,135.673952536539,11961,17,"2013-01-01 06:47:18","2013-12-31 18:22:30",362,12,1,364.483,"f","immature",3629,4.73815667400943,0.345326344877339,10.2454269863187
60,2014,145.756504799254,15903,32,"2014-01-01 01:38:51","2014-12-31 15:54:01",364,12,1,364.594,"f","immature",4307,8.45641663640573,0.772211874390438,21.0303649347448
60,2015,155.280423870692,1783,29,"2015-01-01 01:40:34","2015-03-12 20:27:53",70,3,1,70.783,"f","immature",704,10.8932543739061,1.62218631523738,15.1231216204006
60,2018,180.801418362777,1,1,"2018-02-25 07:11:28","2018-02-25 07:11:28",1,1,NA,0,"f","mature",1,NA,NA,NA
61,2012,163,1277,12,"2012-11-27 20:26:24","2012-12-31 21:33:04",31,2,4,34.046,"f","immature",372,13.143738448306,2.18706735773168,17.0406777922033
61,2013,171.568527172467,5706,18,"2013-01-01 00:33:21","2013-12-31 23:39:27",177,11,46,364.963,"f","mature",1418,23.8791657596734,3.04111019229641,36.0979147919724
61,2014,179.662307122786,7084,27,"2014-01-01 00:11:54","2014-12-27 22:39:02",177,10,78,360.936,"f","mature",1136,33.0511547266968,5.46123322945138,19.9374832595545
61,2015,187.307643662614,2440,34,"2015-01-02 03:49:12","2015-12-28 09:53:46",134,12,40,360.253,"f","mature",540,73.7956445959289,10.6156237322126,129.059201891975
61,2016,194.529383216447,1230,24,"2016-01-13 11:18:26","2016-12-25 15:53:33",119,12,39,347.191,"f","mature",367,74.2048971133547,6.54588441132987,161.08245452542
61,2017,201.350995569508,708,19,"2017-03-23 08:55:57","2017-12-09 11:31:00",72,10,36,261.108,"f","mature",221,112.201598174417,14.6725535681849,178.674825943821
61,2018,207.794650141726,97,5,"2018-02-20 16:45:57","2018-12-16 13:43:25",45,10,68,298.873,"f","mature",61,54.0498985714911,6.94182889845702,82.887141742142
61,2019,213.88128803569,651,8,"2019-06-20 20:58:31","2019-10-20 06:46:42",11,3,85,121.408,"f","mature",68,6.84804500774109,1.02824468964565,3.22812900954117
62,2012,148,2249,10,"2012-08-30 21:21:46","2012-12-31 23:39:51",121,5,1,123.096,"f","immature",841,3.17674855176931,0.203818437381369,3.35799317672295
62,2013,157.399616131969,9115,16,"2013-01-01 22:19:02","2013-12-31 21:46:42",349,12,3,363.978,"f","immature",3170,4.98117921327622,0.447905044995134,7.00394911342372
62,2014,166.278437784549,14255,38,"2014-01-01 00:14:41","2014-12-31 23:56:42",364,12,1,364.988,"f","mature",4393,9.46162166160818,0.591498756129652,37.0683036062295
62,2015,174.66532006054,2783,34,"2015-01-01 00:01:03","2015-12-02 07:37:44",64,4,251,335.317,"f","mature",754,21.1006239971508,NA,2209.18435857268
62,2016,182.587519318915,5,2,"2016-02-04 10:46:29","2016-02-29 07:50:55",2,1,24,24.878,"f","mature",2,5526.27152682256,7610.45915247521,NA
62,2017,190.070781754717,590,10,"2017-12-02 03:49:02","2017-12-12 13:21:19",11,1,0,10.397,"f","mature",106,6.48773857028875,1.39080329647663,4.09333100499534
63,2012,185,173,23,"2012-11-19 06:33:38","2012-12-31 13:39:13",40,2,1,42.296,"m","mature",106,125.249136151845,26.9351513808804,54.3962781614646
63,2013,192.349596698531,317,15,"2013-01-01 05:54:27","2013-01-30 15:33:36",28,1,1,29.402,"m","mature",113,65.491971740444,8.45595418411206,31.4066226520985
66,2012,138,4,1,"2012-12-01 16:45:33","2012-12-01 16:55:22",1,1,NA,0.007,"f","immature",1,NA,NA,NA
66,2013,147.953675438304,193,7,"2013-01-12 19:58:57","2013-12-31 04:25:17",26,8,71,352.352,"f","immature",65,4.13543805000747,0.571896292960947,2.79424025021494
66,2014,157.355858225725,2903,20,"2014-01-02 03:33:41","2014-12-31 23:59:10",267,12,7,363.851,"f","immature",962,8.67893198536095,0.641113217428975,19.2079785179615
66,2015,166.237104325823,4431,30,"2015-01-01 01:24:58","2015-12-31 22:12:45",346,12,3,364.867,"f","mature",1595,6.62463353454525,0.115190902828588,54.5431633990156
66,2016,174.626276720561,4621,23,"2016-01-01 06:32:40","2016-12-31 19:35:33",267,12,24,365.544,"f","mature",1275,18.731126484118,1.46076547074262,24.3692958654437
66,2017,182.550639211523,211,5,"2017-01-01 03:44:58","2017-01-19 23:36:48",18,1,1,18.828,"f","mature",71,3.18163250101103,0.537202284835084,1.29293551026106
67,2012,144,149,1,"2012-11-29 16:28:30","2012-12-20 00:08:13",11,2,10,20.319,"m","immature",30,NA,NA,NA
68,2012,153,28,2,"2012-11-29 17:15:09","2012-12-19 02:41:08",3,2,14,19.393,"m","immature",5,NA,0.215616535313794,NA
68,2013,162.122586478802,5,1,"2013-01-14 21:38:38","2013-03-20 06:26:19",3,3,34,64.366,"m","immature",4,NA,NA,NA
69,2012,147,1374,9,"2012-11-30 11:14:34","2012-12-31 23:40:37",32,2,0,31.518,"m","immature",416,3.08596070630337,0.24398135595566,2.56749055267437
69,2013,156.455022062603,8201,25,"2013-01-01 00:54:34","2013-12-06 18:04:20",223,12,27,339.715,"m","immature",2523,2.04877730881352,NA,106.248778694098
69,2014,165.386179828667,23,7,"2014-01-11 11:09:24","2014-12-17 01:16:40",15,9,84,339.588,"m","immature",17,324.348732372684,61.9294152856047,75.5957832926612
69,2015,173.822498487068,16,4,"2015-06-15 15:07:23","2015-11-25 02:01:04",9,4,72,162.454,"m","mature",13,144.347481816441,26.4804826604809,21.1941573442373
69,2016,181.79139505908,21,8,"2016-01-08 14:40:58","2016-12-11 13:54:08",14,6,178,337.967,"m","mature",17,443.661867020711,96.519983369083,146.033129818418
69,2017,189.318767500397,71,17,"2017-02-23 11:04:14","2017-12-14 07:09:06",24,6,129,293.837,"m","mature",42,567.917797745795,140.782627399229,150.6174074665
69,2018,196.429078866379,104,18,"2018-04-17 08:29:01","2018-12-30 08:15:14",38,6,74,256.99,"m","mature",66,442.824551633541,89.4054868138423,164.618245485021
69,2019,203.145436814034,22,8,"2019-01-21 09:57:45","2019-11-22 10:38:22",14,7,73,305.028,"m","mature",20,611.996399225823,170.360850251446,112.912389469625
71,2013,99.7793779006114,16,3,"2013-01-20 01:02:36","2013-12-27 23:39:55",6,4,262,341.943,"m","immature",8,NA,0.338046496005505,0.116425854861647
71,2014,111.850702475723,50,5,"2014-01-03 20:32:40","2014-03-04 07:44:35",14,3,23,59.467,"m","immature",21,5.29885433677493,1.19134188070005,1.14176732764567
72,2012,91,154,2,"2012-11-22 14:25:58","2012-12-31 14:30:33",32,2,2,39.003,"f","immature",103,0.13102165874971,0.0187897831287627,2.5331974029541e-13
72,2013,103.557754178077,1111,9,"2013-01-01 13:54:06","2013-12-31 17:07:02",263,12,8,364.134,"f","immature",685,2.07894922508082,0.165317368733616,3.48667007361821
72,2014,115.419734299252,4354,21,"2014-01-01 09:10:41","2014-12-31 06:22:33",349,12,2,363.883,"f","immature",1871,6.90972925618331,0.649429592182556,12.2125105466101
72,2015,126.624490372657,4717,25,"2015-01-02 01:26:04","2015-12-31 20:10:31",362,12,1,363.781,"f","immature",2184,8.78619799850551,1.22864284841111,11.6425063068199
72,2016,137.208436508294,2265,22,"2016-01-01 01:59:13","2016-05-07 13:52:36",128,5,0,127.495,"f","immature",899,8.56011529182192,0.823698461559054,11.2382049446339
88,2013,108,1781,10,"2013-02-14 00:34:07","2013-12-31 23:59:39",267,11,7,320.976,"f","immature",957,1.15289719136247,0.0490649654241609,3.84203234716199
88,2014,119.615853357308,12226,25,"2014-01-01 00:02:23","2014-12-31 23:59:04",359,12,2,364.998,"f","immature",3685,5.75824507582226,0.437207798836519,11.0236173244489
88,2015,130.588119549253,7853,29,"2015-01-01 02:04:55","2015-12-31 22:54:50",363,12,1,364.868,"f","immature",3373,7.80493826245,0.583335606771427,13.4931634486485
88,2016,140.952457121675,1650,21,"2016-01-01 00:42:56","2016-03-24 14:26:48",84,3,0,83.572,"f","immature",738,7.97125712561097,0.739852495034476,9.01373511668579
